{
  "num_games": 500,
  "num_players": 3,
  "win_rates": {
    "0": 0.34,
    "1": 0.402,
    "2": 0.258
  },
  "avg_scores": [
    15.162,
    17.906,
    13.178
  ],
  "min_scores": [
    0,
    0,
    0
  ],
  "max_scores": [
    76,
    66,
    69
  ],
  "overall_avg_score": 15.415333333333333,
  "overall_score_std": 14.673064831709707,
  "avg_turns_per_round": 3.3593333333333333,
  "avg_final_heat": 8.688666666666666,
  "getaway_rate": 0.14666666666666667,
  "bust_rate": 0.20355555555555555,
  "cracks_attempted_per_player": [
    4.786,
    4.328,
    3.534
  ],
  "cracks_succeeded_per_player": [
    2.062,
    2.04,
    1.602
  ],
  "crack_success_rate": 0.45098039215686275,
  "chains_per_player": [
    1.648,
    1.64,
    1.27
  ],
  "avg_chain_length": 9.044756472136902,
  "max_chain_length": 15,
  "cards_claimed_per_player": [
    14.722,
    15.762,
    11.888
  ],
  "alarms_per_game": 3.94,
  "vault_empty_pct": 66.46666666666667,
  "heat_cap_pct": 39.800000000000004,
  "faction_powers_total": {
    "GREEN": 821,
    "RED": 434,
    "ORANGE": 836,
    "PURPLE": 208,
    "BLUE": 662,
    "YELLOW": 230
  },
  "round_averages": [
    5.144,
    5.1,
    5.171333333333333
  ]
}