{
  "num_games": 500,
  "num_players": 3,
  "decision_density": {
    "avg_choices": 2.3904544057507677,
    "pct_2plus_choices": 0.880857736925384
  },
  "comeback": {
    "comeback_rate": 0.606,
    "avg_lead_changes": 6.162,
    "last_to_top2_rate": 0.62
  },
  "dead_turns": {
    "avg_dead_rate": 0.00033633496133496127,
    "max_dead_rate": 0.037037037037037035,
    "pct_zero_dead": 0.988
  },
  "blowout": {
    "avg_margin": 5.786,
    "blowout_2x_rate": 0.104,
    "close_game_rate": 0.404
  },
  "tension": {
    "avg_vp_early": 5.498,
    "avg_vp_mid": 6.726,
    "avg_vp_late": 9.772,
    "avg_final_third_pct": 0.4463627519415178,
    "pct_ascending": 0.348
  },
  "power_fantasy": {
    "avg_wow_per_game": 8.744,
    "pct_games_with_wow": 1.0,
    "avg_wow_rate": 0.24130678654564144
  },
  "interaction": {
    "avg_interactions_per_game": 22.356,
    "avg_interaction_rate": 0.6148861806236411
  }
}