{
  "num_games": 500,
  "num_players": 4,
  "decision_density": {
    "avg_choices": 2.335222199818156,
    "pct_2plus_choices": 0.8778261089400803
  },
  "comeback": {
    "comeback_rate": 0.654,
    "avg_lead_changes": 7.068,
    "last_to_top2_rate": 0.42
  },
  "dead_turns": {
    "avg_dead_rate": 0.0007576062009885538,
    "max_dead_rate": 0.029411764705882353,
    "pct_zero_dead": 0.962
  },
  "blowout": {
    "avg_margin": 4.35,
    "blowout_2x_rate": 0.204,
    "close_game_rate": 0.524
  },
  "tension": {
    "avg_vp_early": 7.394,
    "avg_vp_mid": 7.446,
    "avg_vp_late": 10.728,
    "avg_final_third_pct": 0.4201044677591953,
    "pct_ascending": 0.264
  },
  "power_fantasy": {
    "avg_wow_per_game": 9.936,
    "pct_games_with_wow": 1.0,
    "avg_wow_rate": 0.22051723848047408
  },
  "interaction": {
    "avg_interactions_per_game": 28.682,
    "avg_interaction_rate": 0.6338618319588905
  }
}