{
  "num_games": 500,
  "num_players": 4,
  "decision_density": {
    "avg_choices": 2.279775335259855,
    "pct_2plus_choices": 0.864614524933701
  },
  "comeback": {
    "comeback_rate": 0.616,
    "avg_lead_changes": 7.39,
    "last_to_top2_rate": 0.326
  },
  "dead_turns": {
    "avg_dead_rate": 0.0013581816854456171,
    "max_dead_rate": 0.05357142857142857,
    "pct_zero_dead": 0.938
  },
  "blowout": {
    "avg_margin": 4.326,
    "blowout_2x_rate": 0.16,
    "close_game_rate": 0.528
  },
  "tension": {
    "avg_vp_early": 3.344,
    "avg_vp_mid": 6.238,
    "avg_vp_late": 8.582,
    "avg_final_third_pct": 0.47301787401363415,
    "pct_ascending": 0.486
  },
  "power_fantasy": {
    "avg_wow_per_game": 10.132,
    "pct_games_with_wow": 1.0,
    "avg_wow_rate": 0.2051049899511395
  },
  "interaction": {
    "avg_interactions_per_game": 31.324,
    "avg_interaction_rate": 0.6335960072392338
  }
}