{
  "num_games": 500,
  "num_players": 3,
  "decision_density": {
    "avg_choices": 2.347679089789927,
    "pct_2plus_choices": 0.8708013808259161
  },
  "comeback": {
    "comeback_rate": 0.554,
    "avg_lead_changes": 6.728,
    "last_to_top2_rate": 0.518
  },
  "dead_turns": {
    "avg_dead_rate": 0.00026262249389184377,
    "max_dead_rate": 0.027777777777777776,
    "pct_zero_dead": 0.988
  },
  "blowout": {
    "avg_margin": 5.588,
    "blowout_2x_rate": 0.094,
    "close_game_rate": 0.4
  },
  "tension": {
    "avg_vp_early": 2.714,
    "avg_vp_mid": 5.448,
    "avg_vp_late": 7.358,
    "avg_final_third_pct": 0.47575385493419575,
    "pct_ascending": 0.51
  },
  "power_fantasy": {
    "avg_wow_per_game": 8.896,
    "pct_games_with_wow": 1.0,
    "avg_wow_rate": 0.2310287363679783
  },
  "interaction": {
    "avg_interactions_per_game": 23.652,
    "avg_interaction_rate": 0.6138919377406217
  }
}