{
  "baseline": {
    "win_rates": {
      "0": 0.241,
      "1": 0.199,
      "2": 0.196,
      "3": 0.194,
      "4": 0.17
    },
    "spread": 0.07099999999999998,
    "total_deviation": 0.08199999999999999,
    "avg_turns": 18.975,
    "hand_sizes": [
      11,
      11,
      11,
      11,
      11
    ]
  },
  "p4_minus_1": {
    "win_rates": {
      "0": 0.231,
      "1": 0.224,
      "2": 0.213,
      "3": 0.158,
      "4": 0.174
    },
    "spread": 0.07300000000000001,
    "total_deviation": 0.136,
    "avg_turns": 18.768,
    "hand_sizes": [
      11,
      11,
      11,
      11,
      10
    ]
  },
  "p3p4_minus_1": {
    "win_rates": {
      "0": 0.22,
      "1": 0.21,
      "2": 0.21,
      "3": 0.185,
      "4": 0.175
    },
    "spread": 0.04500000000000001,
    "total_deviation": 0.07999999999999999,
    "avg_turns": 18.512,
    "hand_sizes": [
      11,
      11,
      11,
      10,
      10
    ]
  },
  "gradient": {
    "win_rates": {
      "0": 0.236,
      "1": 0.198,
      "2": 0.215,
      "3": 0.167,
      "4": 0.184
    },
    "spread": 0.06899999999999998,
    "total_deviation": 0.10199999999999998,
    "avg_turns": 18.674,
    "hand_sizes": [
      12,
      11,
      11,
      10,
      10
    ]
  },
  "steep_gradient": {
    "win_rates": {
      "0": 0.25,
      "1": 0.21,
      "2": 0.194,
      "3": 0.169,
      "4": 0.177
    },
    "spread": 0.08099999999999999,
    "total_deviation": 0.12,
    "avg_turns": 18.943,
    "hand_sizes": [
      12,
      12,
      11,
      10,
      10
    ]
  },
  "p4_minus_2": {
    "win_rates": {
      "0": 0.253,
      "1": 0.205,
      "2": 0.207,
      "3": 0.165,
      "4": 0.17
    },
    "spread": 0.088,
    "total_deviation": 0.12999999999999995,
    "avg_turns": 18.515,
    "hand_sizes": [
      11,
      11,
      11,
      11,
      9
    ]
  }
}